address,tokens
Lido,8668476
Unidentified,7377113
Binance,3059328
Coinbase,2447490
ether.fi,2233305
Kiln,1643136
Figment,1579392
Kraken,1277378
Blockdaemon,744512
Everstake,676096
Rocket Pool,637436
OKX,632994
Bitcoin Suisse,452407
Staked.us,448860
Upbit,389984
stakefish,369728
Liquid Collective,362688
StakeWise,299904
Mantle,282400
DARMA Capital,239424
P2P.org,217609
Bitstamp,208416
Renzo,176577
Stader,157059
CoinSpot,137664
Kelp DAO,133792
Diva (Pre-launch),133484
Octant,100352
Consensys,97440
Frax Finance,87424
imToken,72640
Revolut,60992
Gate.io,54816
Bitfinex,52098
Cluster 0x82df,49376
XHash,41376
MyEtherWallet,39171
StakeHound,37504
Puffer Finance,31588
Swell,28768
Bitget,26944
KuCoin,26464
Poloniex,24544
RockX,21536
Mercado Bitcoin,19200
Redacted Pirex,17387
Origin Protocol,16000
WEX Exchange,16000
Cluster 0xc372,11968
CoinEx,11904
HTX,10978
Stkr (Ankr),10152
GMO Coin,10080
Celsius,8992
bitshameddesk.eth,8512
honoraryape.eth,8000
Swell (Pre-launch),7721
was.eth,7712
Vitalik Buterin,6976
cryptostake.com,6592
Bitpie,6240
YieldNest,5472
Paxos,4800
Teku Team,4608
Prysm Team,4608
Nimbus Team,4544
MintDice.com,4128
Sigma Prime Team,4096
amiga500.eth,3200
pottash.eth,3200
greedland.eth,3200
coinspiracy.eth,3200
peleg.eth,3200
epstrom.eth,2368
StaFi,2304
godavego.eth,2144
andermatt.eth,2080
Cluster 0x0f5b,1984
86061611630.eth,1952
michaelward.eth,1920
Hord,1888
daveydoo.eth,1472
47validators.eth,1344
SharedStake,1280
ibeli.eth,1280
katto.eth,1120
dymaxiontechnology.eth,1056
permafrost.eth,1024
gunfighter.eth,1024
Blox Staking,992
freedom55.eth,984
wesurvivedthemerge.eth,960
staked.finance,960
ronit.eth,960
collaboard.eth,928
synergycrypto.eth,896
smidge.eth,864
fsjal.eth,736
joycedental.eth,704
scg.eth,704
dcposch.eth,704
igisandros.eth,704
avastake.eth,672
mirasol.eth,640
dsommer.eth,640
radwanski.eth,640
binarybangers.eth,640
lazlokovacs.eth,640
writter.eth,640
sturmh.eth,608
xp1.eth,608
showaid.eth,576
mylogin.eth,544
Node DAO,544
lindy.eth,512
moodysalem.eth,512
careerin.eth,512
gnothi-seauton.eth,480
jonboy.eth,480
brianahern.eth,480
njknight.eth,480
okonomi.eth,480
pate.eth,480
mystakingwallet.eth,448
Uphold,448
korkus.eth,427
edrews.eth,416
Bifrost,416
gamell.eth,416
EPotter,416
malachite🟢.eth,416
vitriol.eth,384
benmichaelis.eth,384
neukind.com,384
edmiikk.eth,384
dubbo.eth,384
spacetractor.eth,384
kalakris.eth,384
Ebunker,384
jspaceman.eth,341
nbm.eth,322
bienen.eth,320
seamonkey.eth,320
dougcastoldi.eth,320
teague.eth,320
galenj.eth,320
tablemountain.eth,320
stake.tomx.eth,320
banteg.eth,320
groo2.eth,320
ctrl-alt.eth,320
cboyack.eth,320
colorcoin.eth,320
kain.eth,320
ollett.eth,320
akirodic.eth,320
jeremie.eth,320
3f93.eth,320
stereum.net,288
beermonst.eth,288
proofofsoy.eth,288
afei.eth,288
handmadebags.eth,288
millio.eth,288
gameishard.eth,288
lololp.eth,257
row.eth,256
baorui.eth,256
birge.eth,256
sprc-brothers.eth,256
h0lding.eth,256
stakesaurus.eth,256
alistake.eth,256
svensson.eth,252
richguypaul.eth,234
Anpan,232
thebluebook.eth,224
harchy.eth,224
Eigenpie,224
brooklinen.eth,224
zebrains.eth,224
brampriem.eth,224
sjhumphrey.eth,224
zenar.eth,224
0x41414141.eth,218
thecoldwallet.eth,212
fengqi.eth,192
cartcollector.eth,192
jwcrowe.eth,192
deepspacechase.eth,192
verylongaddress.eth,192
dekeract.eth,192
brigs.eth,192
lludo.eth,192
roryburcham.eth,192
johnlynn.eth,192
cryptodubs.eth,192
slais.eth,192
clownworld.eth,192
563412.eth,190
canbolat.eth,166
plantregistry.eth,160
famcv.eth,160
tmarshall.eth,160
weibeler.eth,160
curtisc.eth,160
currentoor.eth,160
datawarehouse.eth,160
trier.eth,160
b18c.eth,160
varvara.eth,160
sunbird.eth,160
greid.eth,160
rgenc.eth,160
setnof.eth,160
thunberg.eth,160
gloopy.eth,160
sherryw.eth,160
alexphelps.eth,160
benjamincameronbaldwin.eth,160
mcgukin.eth,160
mwegehaupt.eth,160
redlizard.eth,160
ghostwheel.eth,160
amane.eth,156
vapem.eth,130
davieli.eth,128
danhsiu.eth,128
eth3.eth,128
gilad.eth,128
gregmain.eth,128
grimnir.eth,128
richtheg.eth,128
humbolt.eth,128
punk6883.eth,128
puigsech.eth,128
inovas.eth,128
prestonvanloon.eth,128
j2r5m3.eth,128
kar-ma.eth,128
porom.eth,128
mqp.eth,128
typeyape.eth,128
suremark.eth,128
tasslehoff.eth,128
celes.eth,128
at1as.eth,128
avuja.eth,128
akaifox.eth,128
twitterhandle.eth,128
angelovski.eth,128
w000t.eth,128
yuut.eth,128
wolferfinance.eth,128
0dot1.eth,128
3x3q.eth,128
mazzilli.eth,125
drt0m.eth,100
7189.eth,99
mccormick.eth,98
Colin Robinson,97
smartin.eth,96
sonofvitalik.eth,96
dharmacist.eth,96
inferno114.eth,96
anomanderrake.eth,96
knirck.eth,96
inolen.eth,96
metamask.chrisgladd.eth,96
nectarsac.eth,96
bmuscat.eth,96
thelvyn.eth,96
anothervizsla.eth,96
olympus.eth,96
ee.ecc.eth,96
verdaccio.eth,96
blockedge.eth,96
hibert.eth,96
nicklas.eth,96
errantventure.eth,96
evilpotatoguy.eth,96
leftclickyield.eth,96
bdavey.eth,96
beareatfish.eth,96
gigafart.eth,96
satine.eth,96
defilogic.eth,96
trist.eth,96
chillfam.eth,96
cigarface.eth,96
msaganski.eth,96
adybaev.eth,96
deeks.eth,96
pekoz.eth,96
cerzi.eth,96
mtitus.eth,96
aepryus.eth,96
daegwonchae.eth,96
mrock.eth,96
milli0.eth,96
stake-frites.eth,96
xelor.eth,96
johannesheizmann.eth,96
tanner.eth,96
zlatohlavek.eth,96
pogiboy.eth,96
ckelly.eth,96
wasif.eth,96
0xethstaker.eth,96
kimochi.eth,96
zbron.eth,92
pk910.eth,84
chosunone.eth,73
jaskier.eth,71
menelaos.eth,67
samcm.eth,65
livingston.eth,64
leean.eth,64
gyza.eth,64
vault.gall.eth,64
aspheris.eth,64
asymrisk.eth,64
pharos.eth,64
petclippy.umbra.eth,64
rithi.eth,64
vanhelsing.eth,64
balin.eth,64
samcarman.eth,64
webberz.eth,64
richardcantillon.eth,64
kaelo.eth,64
weekev.eth,64
s0xphie.eth,64
gizzard.eth,64
goodforus.eth,64
pringlescan.eth,64
ashpool.eth,64
hanatour.eth,64
passabilities.eth,64
infinityportal.eth,64
jamescbury.eth,64
kodys.eth,64
69696.eth,64
kevinrichardson.eth,64
ice.spectrehaunt.eth,64
palu.eth,64
amandra.eth,64
punk0x.eth,64
hylick.eth,64
pluch.eth,64
agus.eth,64
vitho.eth,64
rainoldi.eth,64
rauljordan.eth,64
razorj.eth,64
rcpw.eth,64
highflyer.eth,64
joelhampton.eth,64
hathaway.eth,64
okavango.eth,64
vedants.eth,64
04221.eth,64
froggeer.eth,64
penguingrenade.eth,64
ethview.eth,64
bingley.eth,64
sglee.eth,64
blask.eth,64
davidcho.eth,64
chrishol.eth,64
sharkya.eth,64
emint.eth,64
shoegazer.eth,64
thorgrim.eth,64
carpediem.eth,64
siegenthaler.eth,64
sigmar.eth,64
martinkou.eth,64
murat.eth,64
damstake.eth,64
brazzos.eth,64
calum.eth,64
drinkywinky.eth,64
tfelix.eth,64
terrytai.eth,64
temaki.eth,64
0xterranullius.eth,64
zekey.eth,64
darthmike.eth,64
teclis.eth,64
meta.tortfeasor.eth,64
mysticryuujin.eth,64
ethhonduras.eth,64
epaul.eth,64
crypex.eth,64
crimzon.eth,64
betou.eth,64
bhanson.eth,64
10ofdisks.eth,64
frankp.eth,64
stirnetwork.eth,64
stevereed.eth,64
lucidity.eth,64
firefinch.eth,64
monomesa.eth,64
moataz.eth,64
servicem8.eth,64
ludvig.eth,64
byronyoung.eth,64
critterdepot.eth,64
ferengi.eth,64
tomgargiulo.eth,64
eyeqian.eth,64
sendmoodz.eth,64
f33nx.eth,64
tobyoft.eth,64
kansakar.eth,58
althani.eth,55
city17.eth,52
base64.eth,45
panthermoderns.eth,41
graybeard.eth,39
bigwall.eth,38
zamesa.eth,38
ollyp.eth,37
if-you-own-this-you-are-rich-on.eth,33
istake.eth,33
matilote.eth,33
mrwordthy.eth,32
xxyyjshchxjehxj.eth,32
mr101.eth,32
mxwsn.eth,32
zkblockbe.eth,32
🌱stake.eth,32
mvanhorn.eth,32
yallow.eth,32
peder.eth,32
patrickr.eth,32
paul.tonelli.eth,32
xroque.eth,32
zuzaluan1.eth,32
nly.eth,32
mycodelicforest.eth,32
papacoins.eth,32
pelmiche.eth,32
yodoggy.eth,32
noisewar.eth,32
nolang.eth,32
nitram.eth,32
notimaginary.eth,32
noun40.eth,32
ntpo.eth,32
oddball.eth,32
nishantdas.eth,32
nirro.eth,32
ninguem.eth,32
nicoleta.eth,32
yihsiu.eth,32
yasuanii.eth,32
omoju.eth,32
ong.eth,32
netolli.eth,32
neozaru.eth,32
yyasuko.eth,32
onizuka.eth,32
necrotic.3gate.eth,32
ncitron.eth,32
pachacamac.eth,32
nanox.eth,32
nanexcool.eth,32
zellster.eth,32
neoos.eth,32
stratuscyber.eth,32
pengzs.eth,32
thelonelyghost.eth,32
sockeye.eth,32
snowpea.eth,32
snowgum.eth,32
smokeythemonkey.eth,32
smeee.eth,32
slashproof.eth,32
thanquol.eth,32
skram.eth,32
ska314.eth,32
sjbrt.eth,32
semaj.eth,32
simeth.eth,32
silverhub.eth,32
themarcus.eth,32
shuf.eth,32
shanev.eth,32
shaame.eth,32
tiedb.eth,32
timosha.eth,32
serviverman.eth,32
sourdoughsynths.eth,32
tcobb.eth,32
sparekonto.eth,32
spedden.eth,32
streetindex.eth,32
ston.eth,32
stevenhancock.eth,32
sundt.eth,32
stempfel.eth,32
stefanhansen.eth,32
stakewalker.eth,32
sylvester.eth,32
stakecryptofolio.eth,32
stake2.atg.eth,32
syoung.eth,32
stake.atg.eth,32
ssv-test.eth,32
spyglassventures.eth,32
tamastorok.eth,32
springn.eth,32
morey.eth,32
tanongsak.eth,32
spicetrader.eth,32
seongwan.eth,32
sedvit.eth,32
pepes.eth,32
pmayerh.eth,32
vladiatorlabs.eth,32
psilocin.eth,32
pseudote.eth,32
vnv.eth,32
pryce.eth,32
voska.eth,32
waterbob.eth,32
potuk.eth,32
wavebeing.eth,32
plupp.eth,32
scttl.eth,32
ploufside.eth,32
plau.eth,32
pigou.eth,32
pigfrown.eth,32
piaere.eth,32
wealdtech.eth,32
pfitzenmeier.eth,32
peruzzi.eth,32
wennroad.eth,32
racemax.eth,32
reapz.eth,32
redboer.eth,32
redjetcar.eth,32
tomio.eth,32
saturnial.eth,32
twix.eth,32
salomi.eth,32
rushughes.eth,32
twoeggs.eth,32
tylerrumberger.eth,32
rubisco.eth,32
u96.eth,32
uprosetheloftythoughts.eth,32
rocketstaker.eth,32
roanoke.eth,32
valdivieso.eth,32
vasrelpor.eth,32
veekta.eth,32
revere.eth,32
reinoud.eth,32
reindl.eth,32
strategicfinance.eth,32
redovolk.eth,32
investoregg.eth,32
moontrader.eth,32
d1m0ndhvnd.eth,32
dhananjay.eth,32
dghelm.eth,32
dfern.eth,32
delegate.val128.eth,32
defimick.eth,32
deadzed.eth,32
davidv.eth,32
daveydave.eth,32
darzyx.eth,32
danning.eth,32
danielh.eth,32
daihelle.eth,32
dabiri.eth,32
d0ck3r.eth,32
captain.eth,32
custos.eth,32
cryptoastmasters.eth,32
cosmicloud.eth,32
cornhusker.eth,32
corbridge.eth,32
colfax.eth,32
clodey.eth,32
cjvaldez.eth,32
civalot.eth,32
cipio.eth,32
chxrxe.eth,32
chrisw.eth,32
chengd.eth,32
dimsome.eth,32
dinomuuk.eth,32
dividebyzero.eth,32
djxstream.eth,32
garychiang.eth,32
gajit.eth,32
fudhodler.eth,32
frankxavier.eth,32
folha.eth,32
fleeting.eth,32
fiatfarce.eth,32
fgstaking.eth,32
fanek.eth,32
everythingbiig.eth,32
evadev.eth,32
ericnagel.eth,32
erebels.eth,32
epiphyte.eth,32
eoinjefferies.eth,32
eoa.sina.eth,32
emergencyrecovery.eth,32
montaguecosgrove.eth,32
edzorg.eth,32
edgarselzer.eth,32
edenia.eth,32
eclips.eth,32
eartha.eth,32
dxraise.eth,32
dutchie.eth,32
duelinggalois.eth,32
domandtom.eth,32
chainlabo.eth,32
callmegwei.eth,32
geleeroyale.eth,32
aksoy.eth,32
astrostakers.eth,32
asteriscus.eth,32
ascendalan.eth,32
arz.eth,32
aoi-jp.eth,32
anonymeth.eth,32
anomar.eth,32
andmeandyou.eth,32
amann.eth,32
allevolutionz.eth,32
alisheikh.eth,32
alexthunder.eth,32
aleksandar.eth,32
aeonic.eth,32
calibrium.eth,32
SenseiNode,32
95948.eth,32
40748.eth,32
388988.eth,32
2170.eth,32
2023.tesserax.eth,32
1rvin.eth,32
109-110.eth,32
0xwildhare.eth,32
0xpierro.eth,32
0xbd1.eth,32
0x201c.eth,32
0x0312.eth,32
atheartengineer.eth,32
atomross.eth,32
baconseason.eth,32
bankruptcyattorney.eth,32
buonarroti.eth,32
buffalospace.eth,32
bubbies.eth,32
bronnan.eth,32
brntoken.eth,32
brik.eth,32
brianlester.eth,32
brianfitzgerald.eth,32
brando.eth,32
bradcobb.eth,32
bpopa.eth,32
boss351.umbra.eth,32
bootyloop.eth,32
bobotron.eth,32
blackmesa.eth,32
blackburn.eth,32
bizzler.eth,32
biota.eth,32
bill0x2a.eth,32
bigbull.eth,32
bibby.eth,32
benjey.eth,32
benbowden.eth,32
beerbaron.eth,32
beastgrip.eth,32
bassoy.eth,32
basicallyamushroom.eth,32
gdon.eth,32
efault.eth,32
matnad.eth,32
jcomfort.eth,32
joera.p2p-citizen.eth,32
maysam.eth,32
jmm22.eth,32
jlogan.eth,32
leoglisic.eth,32
lightclient.eth,32
jeshli.eth,32
jdetychey.eth,32
metavalent.eth,32
jazayeri.eth,32
mcescher.eth,32
jasperplatz.eth,32
jasonthane.eth,32
mholtz.eth,32
jamescarnley.eth,32
jagermaster.eth,32
jackshaw.eth,32
ixtanoa.eth,32
lincolnerickson.eth,32
kryptokicks.eth,32
jonlabrie.eth,32
joolee.eth,32
mikewalsh.eth,32
kenichi.eth,32
mesoverse.eth,32
kosta.eth,32
korok.eth,32
klivan.eth,32
kindatired.eth,32
mcmike313.eth,32
kzg.eth,32
metanomics.eth,32
laika.eth,32
kelvinyasu.eth,32
jorhan.eth,32
keltron.eth,32
kapsteur.eth,32
last.eth,32
ledger0.eth,32
legendofzelda.eth,32
juliettwhiskey.eth,32
jsying.eth,32
joshuas.eth,32
jorrian.eth,32
isaiahkim.eth,32
mikemck.eth,32
milewski.eth,32
gödel.eth,32
hisnamesstake.eth,32
hiken.eth,32
highriseworld.eth,32
heystein.eth,32
heliosphere.eth,32
hazelstar.eth,32
mansour.eth,32
hashsoup.eth,32
halseyrichartz.eth,32
haarmeisterei.eth,32
maracuya.eth,32
miltee.eth,32
mitchlyn.eth,32
grasponcrypto.eth,32
graph-node-1-cp0x-hosted-by-ryabina.eth,32
gov.ramana.eth,32
marklevey.eth,32
goodroot.eth,32
mkkoll.eth,32
masond.eth,32
goldmancrypto.eth,32
momose.eth,32
hodldwon.eth,32
mattsullivan.eth,32
maddhater.eth,32
hubereustice.eth,32
0age.eth,32
inherio.eth,32
iicc.eth,32
ice.reion.eth,32
ice-box.eth,32
i-d.eth,32
hyunnie.eth,32
lochuan.eth,32
minimaal.eth,32
hydrodan.eth,32
logando.eth,32
howkhang.eth,32
luckyluk.eth,32
horizonventures.eth,32
honestwork.eth,32
luiscalcada.eth,32
luzian.eth,32
kostafun.eth,32
benjaminchodroff.eth,11
8994.eth,10
vugman.eth,2
danielreynolds.eth,2
labdog.eth,1
👻👻👻👻👻👻.eth,1
elletian.eth,1
zhengyabin.eth,1
aichairman.eth,0
n1co.eth,0
𓂸𓂸𓂸𓂸𓂸.eth,0
0x3492.eth,0
ziver.eth,0
zhough.eth,0
zeusolympian.eth,0
zenginoglu.eth,0
0xgeoff.eth,0
0xjasper.eth,0
0xsingularity.eth,0
michaelbryan.eth,0
mattyreed.eth,0
neelfirst.eth,0
vocet.eth,0
Alex Chapman,0
Bake,0
Bitpanda,0
wzht.eth,0
wzhao.eth,0
Chorus One,0
Copper.co,0
alexmelville.eth,0
Ethereum Hive,0
Golem Foundation,0
MEV Protocol,0
Tetranode,0
mystic8.eth,0
gillard.eth,0
madoff.eth,0
eav.eth,0
spyr0.eth,0
speed.eth,0
defidroid.eth,0
defison.eth,0
privato.eth,0
derekbeard.eth,0
q9f.eth,0
drik.eth,0
raino.eth,0
razumoff.eth,0
cybersurgeon.eth,0
hodlmachine.eth,0
reallygamble.eth,0
evant.eth,0
gunninginc.eth,0
griet.eth,0
sathaxe.eth,0
gazzini.eth,0
rossmoody.eth,0
genesisbros.eth,0
jcrouch.eth,0
cryptobiot.eth,0
bcuff.eth,0
papcrypto.eth,0
liamt.eth,0
trustgarage.eth,0
nries.eth,0
lennonwalls.eth,0
binary.eth,0
ktmkancha.eth,0
bok.eth,0
orcaplatforms.eth,0
bridgs.eth,0
kida.eth,0
plamarque.eth,0
rubus.eth,0
ketterer.eth,0
kadue.eth,0
ch4d.eth,0
jwpe.eth,0
claytonw.eth,0
combinations.eth,0
const.eth,0
jiwa.eth,0
kev.eth,0
